start	end	text
0.000	8.320	Наверное, пошерить, у меня есть маленькая преза, буквально там на пару слайдов. Вот, скажите, видно ли вам?
8.320	10.380	Все видно.
10.380	19.540	В общем, здесь супер кратко о том, что, значит, примерно около, там, наверное, шести месяцев, может, даже чуть больше, я занималась настройкой.
19.540	34.740	Тестировала просто GPT-бота, да, который бы был настроен под наши форматы, но понятно, что ChatGPT — это такая штучка, которая больше генерирует много разного, возможно, даже креативного,
34.740	45.540	но она не снижает рутину, поскольку за ней нужно перепроверять количество символов, не добавила ли она про алкоголь в SMS-ку, правильно ли она вообще нашла источник или она его придумала.
45.540	47.540	В общем, тут очень много есть.
47.540	49.540	Ну, и помимо этого, openAI еще есть.
49.540	56.540	Есть как бы вопросики по безопасности, антропик в этом плане, он более, ну, больше подходит в том числе и компаниям.
56.540	66.640	И кроме этого, стало понятно, что нам нужна не столько, ну, типа, какая-то нейронка, сколько именно вот эта мультиагентная система.
66.640	71.640	Наверное, вы слышали, что сейчас в целом мир сходит с ума по агентам.
71.640	72.640	Ага.
72.640	79.640	На самом деле это действительно работает, поскольку это помогает как раз-таки разложить саму задачу.
79.640	88.640	На некоторое количество маленьких подзадач, ну, в общем, декомпозировать ее, а значит, получить более контролируемый и более, ну, работающий результат.
88.640	103.640	Сейчас, значит, есть там 10 плюс форматов, ну, по которым, на которых эта система настроена, да, это там SEO-статьи, значит, учитываются ключевые слова, это баннеры, а значит, учитывается то, что это не пуш, а это именно баннер и количество символов.
103.640	108.640	Да, там, SMS учитывается количество символов и то, что алкоголь нельзя использовать.
108.640	111.640	Тот факт, что нельзя в целом говорить о том, что алкоголь – это приятно.
111.640	114.640	В общем, под эти все штуки система настроена.
114.640	117.640	Здесь я добавила цифры по ускорению.
117.640	125.640	Я бы, конечно, ну, могу сказать, что, например, загрузить бриф и получить статью через эту систему – это, типа, 15 минут.
125.640	135.640	Это не одна минута, как в чате GPT, но это, типа, система, где я согласую структуру, где я, значит, ну, там, еще валидирую какие-то шаги, и только после этого происходит написание.
135.640	137.640	Но даже с учетом этого я бы не стала говорить, что статья неприятная.
138.640	150.640	Статья пишется за 15 минут, потому что все-таки мы хотим сохранить тот уровень контента, который есть сейчас, а не просто, типа, вот, ну, некоторые блоги сейчас, в том числе, винные, используют нейроконтент, и это видно.
150.640	166.640	И, как бы, от этого снижается уровень доверия, мне кажется, поскольку, ну, ты видишь вот эти вот всякие огрехи, поэтому я добавляю сюда еще research, я добавляю сюда пост-редактуру, и здесь мы говорим о том, что, там, статья вместо 7 часов занимает 2, там, 2,5.
166.640	167.640	Баннеры занимают вместо 2 часов 2 минуты.
168.640	187.900	Но при этом, что мне кажется тоже важным, 100% текстов с доработкой, они принимаются, все согласовывается точно так же, как тексты, например, которые генерирую я, иногда тексты, которые оказываются, в общем, ну, в списке тех, которые выбраны, это не мои тексты, а тексты, которые сгенерированы и доработаны.
187.900	197.900	В том числе мы с Димой проводили, ну, типа, такой предтест, вот, те подборки, которые сейчас крутятся на главной, там, типа, вина для киновидов.
198.640	212.540	Ну, вот эти, вот, evergreen, там, штук 10, там, подборка безалкогольных вин и так далее, где нужны были тексты на лендинг и баннеры разных форматов, в общем, я это тоже все сделала специально именно с нейронкой.
213.260	227.820	Все получилось, получилось сильно быстрее, чем если бы я это делала просто руками, но это, как бы, не значит, опять же, что я в остальное время, типа, ничего не делала, вот, но у меня высвободилось время для решения каких-то других задач, вот.
228.640	258.160	Мне кажется важным, что, ну, сейчас, опять же, мне кажется, что, там, контент-отдел, ну, понятно, что загружен, там, на 40 часов в неделю, плюс-минус, так или иначе, всем есть чем заняться, но при этом какие-то масштабные тесты, например, там, большой какой-то буст по SEO, новый формат, личные кабинеты, это, как бы, все, я бы не сказала, что на это не будет времени или что мы не сможем это сделать, но просто это будет требовать каких-то определенных компромиссов.
258.640	288.620	И серии, что мы, там, сделаем 50 статей вместо 200, или, там, мы отодвинем что-то одно, чтобы сделать что-то другое, и, как бы, кажется, что можно попробовать просто снизить объем вот этой, вот, рутинной части для того, чтобы был ресурс, там, на контент для личных кабинетов, именно продумывание того, каким он может быть, там, на развитие блога, на какие-то новые форматы, тесты, ресерч, вообще, что делать.
288.640	315.460	Что делают люди в разных других блогах, то есть то, что Иишка пока что не делает так прикольно, там, качественная редактура, все-таки искусственный интеллект, там, пока на уровне, там, джуна, джуна плюс, пишет именно осмысленный логичный текст, так как нам бы это подошло, да, но, там, появляется больше времени на то, чтобы вообще подумать, а как этот текст будет работать на пользователя.
316.960	317.440	Вот.
318.640	322.200	Здесь коротко про то вообще, как система работает.
323.020	337.520	Ну, вот я уже обозначила, что она мультиагентная, то есть у нас есть аналитик брифа, есть агенты-генераторы под разные форматы или под разные подформаты, типа кто-то генерирует, там, хук, кто-то генерирует, не знаю, там, лид-абзац, еще что-нибудь.
337.520	348.160	Есть валидаторы, которые проверяют нашу тональность, какие-то compliance истории, там, на соответствие закону, там, например, защите русского языка и так далее.
348.160	349.840	И мы получаем готовый текст.
350.540	362.620	С точки зрения безопасности и с точки зрения, почему это не, ну, не закрыть внутри, а просто, ну, вот, взять нашего разработчика, наверное, вот с этой части начну.
362.620	377.650	Ну, в целом, нам нужен человек, который разбирается в нейросетях, поскольку это, ну, мультиагентная штучка, а аналог, разработка аналога с нуля, ну, будет занимать минимум, там, шесть месяцев, и нам нужен будет разработчик, который будет закреплен за контентом или я.
378.190	383.850	Или какой-то другой человек, который закреплен за разработчиком, то есть это все равно дополнительная загрузка, получается.
384.010	405.150	Сейчас есть готовый продукт, который может, типа, расширяться, адаптироваться под любые наши задачи и просто делать нас более эффективными и более вовлеченными, мне кажется, поскольку ты действительно влияешь на контент больше, чем ты просто, когда ты просто пишешь, ну, типа, коммуникацию, там, или, там, SEO-описание.
405.150	405.750	Вот.
408.190	430.530	Все работает сейчас в браузере, не имеет серверной части и, как бы, находится внутри, я могу немножко топорно рассказывать техническую часть, но все это находится локально на компьютере, то есть, если, например, у меня и у Димы есть доступ к этой системе, то, что делаю я, даже Дима не видит, это можно, как бы, связать, но в целом оно суперавтономно все.
430.530	438.170	Но какие-то персональные данные, метрики, они не покидают то место, в котором они находятся, поскольку система работает через это.
438.190	439.770	API, тут я тоже немного
439.770	442.330	типа плаваю, но в целом, короче,
442.430	444.350	API просто читает,
444.950	446.570	ну, получает доступ к данным, читает
446.570	448.450	их, но она, типа, никуда их не загружает
448.450	450.150	себе, она просто к ним обращается и
450.150	452.310	уже выдает тебе результаты. Единственное, что
452.310	454.370	покидает контур, это
454.370	456.350	бриф. Опять же,
456.410	458.270	он может быть перенастроен с того
458.270	460.310	брифа, который у нас есть сейчас, в котором могут
460.310	462.330	быть там какие-то, ну, данные,
462.430	464.230	которые мы бы не хотели, чтобы ими делиться,
464.350	466.370	можно его, даже может быть специальный агент,
466.370	468.530	который, в общем, редактирует этот бриф
468.530	469.970	или говорит, что тут, в общем,
470.390	472.370	нужно убрать вот эти данные перед загрузкой,
472.790	474.510	но,
474.790	476.450	опять же, антропик не обучается на
476.450	478.370	данных, по крайней мере, это так
478.370	480.190	прописано в их правилах,
480.650	481.390	вот, и
481.390	484.430	плюс в том или ином формате сейчас,
484.870	486.410	ну, все используют нейронки,
487.030	488.430	кто-то
488.430	490.090	там, не знаю, тестирует
490.090	492.350	перплексы для фактчекинга, кто-то там
492.350	494.190	в чат GPT загружает там тему,
494.770	496.030	разгоняет какие-то идеи,
496.030	496.930	кто-то, не знаю,
497.450	499.590	большой объем данных хочет
499.590	501.950	там анализировать через него, это понятно,
502.110	503.970	что все, ну, мне кажется, что все
503.970	506.330	так или иначе внедряют эту историю,
506.790	507.990	тут вопрос, как бы,
508.070	509.390	если ты не можешь, ну,
509.910	511.690	не можешь победить, возглавь,
512.190	514.270	кажется, что тут, как бы,
514.510	516.070	если это делать системно
516.070	518.410	и контролируемо,
519.470	520.410	это может
520.410	522.550	быть более выигрышно для нас,
522.610	524.270	чем просто все вот как-то где-то кустарно
524.270	524.910	что-то делают,
524.910	527.710	ну, мне кажется, что
527.710	529.750	все так или иначе потестили уже, что
529.750	531.790	может сделать с нейронкой, там, нравится
531.790	533.830	это или не нравится, но это факт,
533.870	535.810	и можно, как бы, это, мне кажется, обратить
535.810	537.990	чуть-чуть в свою пользу, вот,
538.410	538.710	и
538.710	541.070	последний слайд, тут
541.070	543.620	больше такой он для
543.620	544.700	обсуждения, скорее,
545.360	547.900	мне кажется, что можно было бы
547.900	549.400	обсудить, ну, вот то, что я
549.400	551.260	предложила вначале, обсудить вообще
551.260	552.980	мысли,
552.980	554.820	и кажется ли, что
554.940	556.280	можно в каком-то направлении
556.280	558.460	это потестить для, например,
559.000	561.200	закрытия, может быть, какого-то фокуса
561.200	563.080	или какого-то конкретного формата,
563.580	564.680	чтобы, вот, увидеть
564.680	566.760	реальный буст
566.760	568.720	или не увидеть его и, как бы,
568.800	570.640	сказать, ладно, мы не будем это использовать,
571.200	573.400	вот, может быть, подумать
573.400	575.020	в сторону того, что это может
575.020	577.040	быть полезно, ну, я опять же
577.040	578.700	говорю, что я мыслю с точки зрения
578.700	580.120	контента дела, но, может быть,
580.560	582.800	продукту тоже может быть это полезно,
582.800	584.720	у них есть какие-то задачи, с которыми они,
584.940	586.760	в какой-то момент, придут к контенту, а у нас
586.760	588.920	будет, типа, полная загрузка, два спринта вперед,
589.420	591.320	и, ну, при этом
591.320	592.900	мы можем, как бы, предложить им
592.900	594.880	какое-то решение, вот,
595.000	597.000	в формате, там, не знаю, текста
597.000	598.740	для личного кабинета, сделанных вот
598.740	600.760	здесь. Короче, много есть
600.760	602.000	разных вариантов,
602.500	605.140	давайте обсудим, вот.
605.300	606.740	Давай, спасибо, Вера,
606.840	608.880	большое за подготовку, ты супер
608.880	610.740	в материале, супер в
610.740	612.620	теме, и даже, объясняя
612.620	614.660	историю с API и тем, где
614.940	616.280	имеются данные, насколько это
616.280	618.420	privacy, вообще, насколько это
618.420	620.440	secure, точнее, ты, как бы, очень
620.440	622.860	очень классно все это объясняешь,
622.940	624.260	поэтому мне
624.260	626.780	приятно, что, помимо работы
626.780	627.660	в контенте
627.660	630.780	и, как бы, такой роли, которую
630.780	632.120	выполняешь ты, да,
632.740	634.950	еще пытает
634.950	637.380	желание и силу
637.380	638.830	для того, чтобы, таким образом,
639.890	641.430	все эти новые технологии применить,
641.550	644.380	использовать какой-то вариант.
645.590	646.110	Смотри,
646.110	648.470	я, вообще, за
648.470	650.110	внедрение и за использование
650.690	652.110	и в целом в текстах,
652.750	654.530	у нас есть большая задача, она связана
654.530	656.150	с, конечно же, SEO-текстами, да,
656.250	657.390	и мы понимаем сразу, что
657.390	660.200	количество SEO-текстов, которые мы производим,
660.340	662.640	сильно маленькое,
662.640	663.620	слишком маленькое объем.
664.280	666.460	Нам, конечно, нужно X2, X3, X4
666.460	667.560	делать для того, чтобы
667.560	670.750	донарать всю вот эту вот историю,
670.810	671.830	связанную с
671.830	674.620	отставанием сейчас, ну,
674.620	676.500	наверное, каждой экскурсии, что у нас,
676.780	678.560	падает органика, да,
678.680	680.740	падает органика из-за поисковиков,
680.860	682.100	из-за того, что тоже в целом
682.100	684.820	все сейчас нейронки
684.820	685.840	идут к нейронкам,
686.960	688.320	соответственно, что я имею в виду,
688.460	691.060	это текст, который сгенерирован
691.060	693.220	и
693.220	695.260	условно где-то он идет
695.260	695.760	в
695.760	699.210	симулированный ответ
699.210	702.270	в Яндексе
702.270	703.670	или в Гугле, ну, и то есть мы
703.670	706.330	пришли к тому, что у нас, получается,
706.330	707.850	и общается с ИИ,
708.190	710.250	вот эти
710.250	712.410	эффекты, и ничего человеческого
712.410	714.610	не остается, но так как мы в любом случае
714.610	716.250	к этому придем, и уже все
716.250	719.360	начнут каким-то образом
719.360	720.000	пользоваться,
720.440	722.640	нам, конечно, нужно делать что-то свое.
723.490	725.070	У меня тут
725.070	728.300	когда я видела предложение,
728.400	729.200	да, и
729.200	732.460	я так понимаю, что ты
732.460	734.540	написала эту программу вместе
734.540	736.220	со своим техническим
736.220	737.300	разработчиком.
739.390	739.650	Вот.
740.490	741.870	Эта штука написана,
742.390	744.950	то есть этот пилот, да, который вы сделали,
745.050	745.610	такой MVP,
746.010	749.030	сделан на основе твоей боли
749.030	750.790	и твоего желания
750.790	751.410	решить
751.410	754.510	больше задач и
754.510	757.070	больше заниматься членами, чем ран.
758.520	759.940	Ну, да,
760.080	761.000	я думаю, что да,
761.840	763.300	но все-таки с учетом
763.300	766.450	системы, ну, с учетом того,
766.590	767.670	какой у нас контент,
767.670	770.130	он сезонный, он повторяемый,
770.330	771.870	он, если
772.030	773.990	у нас там один копирайтер работает пару лет,
774.290	775.730	мне кажется, что в любом случае,
776.050	777.990	ну, так или иначе, копирайтер приходит
777.990	779.950	к тому, что ему хочется больше чен, чем ран.
780.590	781.670	Вот. Поскольку он уже
781.670	783.810	три раза написал текст для
783.810	785.790	«Черной пятницы», и, наверное, ему захочется
785.790	787.730	как бы... И я думаю, что у человека есть
787.730	789.990	потенциал, так как я работаю с девчонками,
790.430	792.010	и я знаю, что, ну, мне кажется,
792.150	793.850	что вычитка, там, целый день
793.850	795.910	вычитывать дегустации для кого-то из них —
795.910	797.870	это, ну, не самая классная
797.870	799.730	задача, где он может полностью
799.730	801.810	реализоваться. Хотя понятно, что она важная,
802.030	803.770	но как будто бы она точно может быть
803.770	806.010	отдана нейронке, потому что она не требует
806.010	807.390	от тебя, типа, какого-то прям
807.390	809.710	ресурса умственного, вот.
809.810	811.290	Но понятно, что
811.290	813.490	не все люди так думают,
814.010	815.230	да, но
815.230	818.150	оптимизация тут возможна.
818.370	820.130	А планируете ли вы
820.130	822.210	как бы этот продукт на продажу
822.210	823.390	другим компаниям?
823.940	825.400	Сейчас нет, поскольку,
825.800	828.340	ну, я точно не планирую,
828.340	829.940	потому что мне, конечно, интересно здесь
829.940	831.980	закрепиться и
831.980	833.960	предложить. Но вообще
833.960	835.500	эта система, как бы, она
835.500	837.820	понятно, что отдельно от
837.820	840.280	винной, как бы, индустрии, она может настроиться
840.280	841.320	под любую другую.
841.460	842.720	Ну, как-то загрузив
842.720	845.440	в Дону Фойз, загрузив в Брэкбуке
845.440	847.420	стоп-слова, какие-то
847.420	850.060	замечательные, важные вещи,
850.140	850.960	по сути, это же
850.960	855.400	ну, это обычная
855.400	856.640	нейронка, обычный,
856.860	859.320	да, ладно, обычный
859.320	861.770	обычный такой же
861.770	863.290	и помощник, который
864.130	867.280	кастомизирован специально
867.280	869.540	под, условно, тебя на основе твоих
869.540	871.800	кодов. Ну, да, да.
872.160	874.060	То есть это не то, чтобы какая-то...
874.060	875.580	Так, тогда у меня вопрос.
876.730	878.290	Вот стоимость, которую
878.290	879.550	вы приводили в КП,
879.990	882.150	она на основе чего сформирована?
882.670	884.390	На основе настройки,
884.790	886.550	на основе обучения команды,
886.630	888.090	ну, до настройки, сопровождения
888.090	889.050	и на основе токенов,
889.450	892.010	которые тратятся на генерацию. Токены
892.010	894.170	это, типа, существенное,
894.290	894.410	ну,
895.890	897.570	каждое выполнение какой-то задачи стоит
897.570	898.950	определенное количество токенов.
899.950	901.950	Соответственно, на этот бюджет тоже закладывается.
902.790	902.970	Вот.
904.110	906.370	А мы можем приблизительно
906.370	907.650	расписать
907.650	910.030	что, куда
910.030	912.730	и как? Потому что, получается,
912.810	914.610	было 170, да, подписка
914.610	916.610	190-220 и
916.610	918.470	уже
918.470	920.850	масштабирование 250 в месяц.
921.690	923.190	Ну, да, здесь такие цифры
923.190	925.070	скорее, они вот, ну, мы их
925.070	926.090	примерно посчитали,
926.110	928.470	с точки зрения того, что будет увеличиваться
928.470	930.170	объем, количество людей,
930.330	931.210	которые будут использовать
931.210	934.150	количество токенов, возможно, количество
934.150	935.190	каких-то доработок,
935.870	938.010	но мне кажется, что было бы, как бы,
938.070	938.690	правильнее
938.690	942.050	посмотреть на пилот, вообще понять,
942.190	943.930	ну, вот, сейчас мы рассчитываем это,
944.010	946.010	исходя из того, как я работаю с этой системой.
946.110	947.830	То есть я, не знаю, там, прошу
947.830	949.590	30 доработок баннера
949.590	952.030	вместо, там, 5 доработок баннера,
952.070	953.890	как можно было бы. Я трачу определенное
953.890	955.990	количество токенов. Это все,
956.110	957.810	можно, как бы, оптимизировать. Нужно, конечно,
957.930	959.850	посмотреть на то, как несколько человек
959.850	961.670	будут пользоваться этой системой. Например, вот,
961.710	964.010	три копирайтера пользуются, там,
964.050	966.130	не знаю, один менеджер, но менеджер,
966.210	968.090	наверное, вряд ли. Ну, вот, там, три копирайтера,
968.130	970.090	например, ну, вот, из того, что сейчас есть.
970.910	972.250	Мы смотрим, сколько
972.250	974.310	это непосредственно
974.310	975.950	стоят сами токены, сколько
975.950	978.170	стоят возникновения
978.170	979.690	каких-то сложностей, типа,
979.910	981.730	не знаю, ну, вот, в процессе, так как это
981.730	983.890	настраиваемый продукт, мы понимаем, что, там,
984.010	985.870	нам хочется, там, добавить,
986.110	988.090	чтобы мы, там, СКЮшки как-нибудь
988.090	990.330	определенным образом в статью интегрировали.
990.750	992.050	Нужно добавить
992.050	993.810	дополнительный шаг для того, чтобы эти
993.810	995.990	СКЮ, в общем, там, я прописывала, и,
996.090	997.870	соответственно, они в статью уже добавлялись
997.870	999.850	нативно как-то.
1000.270	1001.930	Вот, соответственно, вот эти вот все доработки
1001.930	1004.190	плюс, ну, да,
1004.250	1005.130	какая-то поддержка
1005.130	1007.670	и все. Вот.
1007.870	1009.730	Сама система, как бы, получается, ну,
1010.090	1011.930	пользование системой, вот,
1011.930	1013.910	сама система, как бы, готова.
1014.190	1015.610	Вот. Она существует,
1016.110	1018.240	на гитхабе.
1018.560	1020.840	На гитхабе она существует.
1022.060	1022.680	Ну, понятно.
1023.700	1024.260	Смотри,
1024.740	1026.520	что я могу, то есть, ну,
1026.600	1028.740	для меня стоимость, она не
1028.740	1030.700	совсем, как бы, прозрачная,
1030.700	1032.740	очевидная, потому что, ну, она,
1033.100	1034.840	я тебе сейчас скажу, она не маленькая
1034.840	1037.400	для нас.
1039.330	1040.410	Это такой
1040.410	1041.290	хороший пост,
1041.590	1044.250	который нужно
1044.250	1046.290	челленджить в любом случае, потому что, ну,
1046.290	1047.810	мы даже
1048.290	1050.470	несет на пилот, как бы, у нас пилоты
1050.470	1053.110	немного в другом,
1055.310	1056.690	ну, в других деньгах.
1057.690	1058.910	Да, конечно, я понимаю,
1059.090	1060.750	что тут тоже нужна калибровка,
1061.070	1062.910	поскольку, ну, мы
1062.910	1064.650	смотрим, как бы, понятно, там, по рынку,
1064.770	1066.710	по стоимости токенов, сейчас токены тоже,
1066.850	1068.630	как бы, все эти мемы про то, что
1068.630	1070.990	бухгалтеры посчитали, сколько стоят
1070.990	1072.790	токены, сколько стоит сотрудник, поняли,
1072.910	1074.170	что пора возвращать сотрудников.
1074.750	1077.010	Вот. Но, на самом деле,
1077.070	1077.950	пока что это не так.
1078.570	1080.410	Это тоже все оптимизируется, но это,
1080.430	1082.450	это все, как бы, надо тестить. Я понимаю, тут тоже
1082.450	1083.370	может быть
1083.370	1086.770	какое-то примерное понимание
1086.770	1088.330	по бюджету, которое там
1088.330	1090.510	есть, ну, возможно,
1090.650	1092.530	выделить на пилот, или нужно как-то дополнительно
1092.530	1094.530	защититься, чтобы получить
1094.530	1096.470	бюджет. Это тоже, как бы, все можно сделать.
1097.210	1098.490	Вот. И там расписать
1098.490	1100.510	подробнее. Безусловно, нам
1100.510	1102.390	нужно понять, какой мы, ну, мы,
1102.630	1104.690	условно, надо найти самый минимальный
1104.690	1105.950	пилот, который только можно
1105.950	1108.870	добить. Опять же,
1109.590	1110.710	вероятно, ты уже, как бы,
1110.910	1111.830	пробовала, и
1111.830	1115.460	количество...
1115.460	1117.140	Ну, то есть, ты уже понимаешь, что,
1117.540	1119.060	возможно, нужно подкрутить, чтобы
1119.060	1120.800	условная эффективность каждого токена
1120.800	1122.200	была на большей мере.
1123.060	1125.440	Чтобы ты не постоянно генерировал
1125.440	1127.140	бы и переспрашивал, как мы, там,
1127.180	1129.060	исправить вот этот вариант, не нравится
1129.060	1130.900	сделать вот этот, а уже более
1130.900	1132.180	какой-то осознанно,
1132.420	1136.700	осознанно загружал, да, и дал
1136.700	1137.700	токен, который
1137.700	1141.390	отдавал тебе нормальный ответ. Мне нравится
1141.390	1143.310	эта история. Я, честно признаюсь,
1143.410	1145.350	что есть запрос на 200
1145.350	1147.490	статей в месяц, потому что
1147.490	1148.210	нам нужен тайм.
1149.230	1150.870	Вот, есть запрос на
1150.870	1152.850	то, чтобы сделать, как бы,
1153.130	1155.170	ну, эффективным, эффективным все
1155.170	1157.250	наши процессы. Есть еще
1157.250	1158.270	фантазии, что
1158.270	1161.390	в случае, если, там,
1161.530	1163.460	создать несколько условий,
1163.540	1165.640	веток, да, типа SEO-ветка,
1166.120	1167.640	где ты уже
1167.640	1169.200	сразу же внедряешь
1169.200	1171.720	историю, связанную с Гео, с SEO,
1171.900	1173.580	с IEO, там, и со всеми,
1173.660	1175.560	вот, этими штуками, и когда
1175.560	1177.860	ИИшка пишет, для того,
1178.000	1179.640	чтобы ИИшка ее понимала
1179.640	1181.600	и, как бы, вырвала этот ответ
1181.600	1183.620	к себе, конечно, пока тут 10
1183.620	1186.300	человек все между собой, SEO-статиста
1186.300	1187.820	сделается, там, сделает
1187.820	1189.980	это другое, третье, четвертое,
1190.040	1192.250	пятое, десятое, конечно, рынок
1192.250	1194.150	оторвется. Вот, и
1194.150	1196.010	нам нужно использовать, использовать
1196.010	1197.960	правильно, потому что распределение фото,
1198.100	1199.980	это либо к нашему разговору,
1200.260	1202.560	там будет сложно двигаться и как-то масштабироваться
1202.560	1204.580	и расширяться. Вопрос,
1204.940	1207.860	о прозрачности какого-то расчета
1207.860	1208.920	этой системы, да,
1209.440	1211.700	о секьюрности, потому что мне, конечно,
1211.880	1213.400	не хочется никуда отдавать
1213.400	1214.460	никакие данные,
1215.020	1217.000	то есть, ну, ты понимаешь,
1217.580	1219.200	вот, но при этом, как бы,
1219.400	1221.800	хочется в темпе проверить,
1221.880	1223.660	что можно как-то сделать,
1224.200	1225.100	как это все можно
1225.100	1227.720	использовать, как можно уже
1227.720	1234.340	оптимизировать, получается, потому что
1234.340	1256.780	не найдем, условно, да, больше классного
1256.780	1259.240	в неделю запускать, например, когда у нас
1259.240	1261.080	будет, условно, персонализированное все.
1261.500	1263.660	И не сможем масштабироваться.
1263.860	1265.520	Если мы хотим, там, условно, прийти
1265.520	1267.260	в промо-движку, да, которую мы сейчас
1267.260	1270.100	будем интегрировать с коллегами,
1270.220	1271.920	то нам уже важно
1271.920	1274.480	оптимизировать, да,
1274.760	1276.560	нашу работу и, как бы,
1276.640	1277.700	увеличить time-to-market,
1278.300	1280.300	чтобы мы уже
1280.300	1282.260	сейчас могли масштабировать
1282.260	1285.010	максимальное количество. Поэтому,
1285.350	1291.730	да. Винлап уже
1291.730	1293.910	использует автоматизацию, Винлап
1293.910	1296.210	уже анонсировал, что они с Яндексом
1296.210	1297.830	партнерятся, короче, и делают,
1297.870	1300.500	автоматизацию контента. Что?
1300.940	1302.160	Да. Но они же партнерятся,
1302.540	1304.280	это не только автоматизация контента,
1304.440	1307.000	это еще и партнерство, как бы, стратегическое
1307.000	1309.500	на...
1309.500	1311.720	Можете мне представить, что я видела
1311.720	1312.980	новости только про
1312.980	1315.710	B2B тех, да, B2B тех.
1315.930	1318.110	Да, но у них там вот как раз и была новость
1318.110	1320.230	про то, что они в контенте
1320.230	1321.890	тоже, ну, типа, они, понятно, не
1321.890	1323.910	поясняют, что именно они будут делать. У них
1323.910	1325.890	есть автоматизация просто процессов, и
1325.890	1327.130	есть в том числе контентная.
1327.690	1329.370	Вот. Ну, понятно, что у них там
1329.370	1330.190	не только Винлапа,
1330.210	1332.030	а кто там, сама Белуга, там,
1332.130	1334.360	и все такое. Я найду тебе, скину.
1335.200	1335.860	Хорошо, хорошо.
1336.280	1338.100	Ну, смотрите, давайте мы поступим. Я
1338.100	1338.940	заберу,
1340.560	1342.540	если у тебя есть какая-нибудь еще презентация.
1344.100	1344.320	Вот.
1345.380	1347.020	Было бы здорово, если бы
1347.020	1348.760	ты поделилась со мной.
1349.080	1351.100	Я обсужу это все с нашим
1351.100	1353.200	IT-директором, потому что в любом случае
1353.200	1355.660	нам нужно будет каким-то образом
1355.660	1357.000	оформлять все это.
1357.960	1359.460	Конечно, если мы пилот
1359.460	1361.700	будем делать, нам как бы в рамках этого
1361.700	1363.380	пилота нужно будет там очень много
1363.380	1364.520	всякой
1364.520	1367.720	документации и вот этой
1367.720	1369.680	бюрократии все проходить.
1370.220	1370.780	Вот. Поэтому
1370.780	1374.030	мне нужно обсудить, что он думает
1374.030	1374.850	по этому поводу.
1376.250	1377.570	В целом я ок,
1378.150	1380.010	но с кастами нужно будет покручивать.
1380.090	1382.050	А ты говоришь, презентация туда
1382.050	1383.790	добавить именно с точки зрения
1383.790	1385.850	технической и
1385.850	1388.410	безопасности? Или что еще
1388.410	1389.330	добавить? Да, да, да.
1389.330	1391.630	С точки зрения техники, с точки зрения
1391.630	1392.230	безопасности.
1392.250	1395.930	Вот, которые, как бы, там, где
1395.930	1398.130	граница, чем защищено,
1398.750	1400.160	там, где сервер,
1401.030	1403.250	и так далее. Вот, обсудить
1403.250	1404.350	со своим другом,
1405.380	1407.420	подписал, как
1407.420	1411.010	с четверной точки зрения можно
1411.010	1413.370	подойти к презентации
1413.370	1415.070	и мне нужно будет добавить. Ну, и
1415.070	1417.130	возможно, если есть API,
1418.110	1419.230	она, вероятно, уже есть,
1419.330	1421.110	то тут можно тоже его писать,
1421.210	1423.010	чтобы специалисты изучили.
1423.150	1425.330	Потому что именно того, что, ну,
1425.330	1426.710	там нужно будет же,
1427.690	1429.410	получается, вы нам даете готовые API
1429.410	1431.630	и сами пользуетесь этот продукт,
1431.710	1433.830	который не требует от нашей разработки ничего.
1434.050	1435.730	Ну, вообще, да, не требует.
1436.070	1443.390	Ну, тут я могла бы еще, конечно, позвать
1443.390	1446.030	Сашу, типа, чтобы он
1446.030	1447.450	именно с технической точки зрения
1447.450	1449.570	вы с ним, как бы, проговорили вот эти моменты,
1449.630	1451.390	потому что я могу здесь чуть
1451.390	1453.310	протормаживать. Вот.
1453.690	1455.230	Как вариант. Либо,
1455.470	1457.810	как бы, ну, в каком-то еще формате,
1457.890	1459.590	вот, чтобы вот это все обсудить.
1460.450	1461.630	Нет, с другой стороны,
1461.790	1462.950	я бы думаю о том, что,
1463.130	1464.270	по идее,
1464.970	1465.850	по идее,
1466.700	1468.100	если это не относится к разработке,
1468.180	1468.900	то нам и
1468.900	1474.860	IT-директор это не...
1474.860	1476.740	В общем, мне нужно подумать, как это все
1476.740	1478.680	сделать, но вопрос
1478.680	1480.760	в том, что, во-первых,
1481.980	1483.240	вот нужно вот эти два пункта
1483.240	1484.320	и блок разобрать,
1484.540	1486.640	чтобы понимать, что мы,
1487.500	1489.040	наши данные в безопасности,
1489.300	1491.100	у нас нет никаких проблем с этим,
1491.240	1492.080	ну, и т.д. и т.п.
1492.660	1494.700	Вот. Это первое.
1495.080	1495.480	Второе.
1496.680	1497.740	Понять все-таки
1497.740	1501.620	стоимость. Какая это может быть?
1501.740	1503.210	То есть, ну, там, масштаб,
1503.570	1506.810	масштабирование, да, это...
1506.810	1508.650	В общем, оно бывает разным.
1509.310	1510.590	Нам бы хотелось бы, чтобы
1510.590	1512.550	оно было приближено максимально к реальности.
1512.790	1514.630	Ну, тут я думаю, что можно предложить,
1514.710	1516.210	например, разные
1516.210	1518.430	варианты кастов из серии.
1518.510	1519.130	Вот мы, например,
1519.850	1522.210	только для SEO. Ну, например,
1522.290	1524.550	мы используем эту систему только для генерации
1524.550	1526.130	200 SEO-статей.
1526.130	1528.030	И это будет, типа, стоить вот столько-то.
1528.430	1530.210	Если мы, например, просто тестируем
1530.210	1532.550	месяц или два, там, на отделе,
1532.670	1534.150	на всех форматах, которые есть,
1534.250	1536.270	это там будет, ну, плюс-минус столько.
1536.370	1537.770	Ну, короче, вот такие какие-то варианты
1537.770	1538.550	прикинуть.
1538.850	1541.390	Вы больше всего знаете, для чего вам нужно,
1541.450	1542.870	и что вам нужно автоматизировать,
1542.970	1545.810	что вам нужно изменить, и где вам нужна
1545.810	1547.450	такая помощь.
1547.790	1549.650	Поэтому я предлагаю вам все минуты смотреть
1549.650	1551.630	и просто, как бы, иметь
1551.630	1553.110	и держать в голове, что денег,
1553.110	1555.530	ну, бюджет очень сильно ограничен.
1556.130	1557.570	И закладывать я
1557.570	1559.730	боюсь, что мне сейчас будет
1559.730	1560.850	очень сложно, тем более
1560.850	1564.650	такие суммы, как 250
1564.650	1566.990	в месяц. Я, наоборот, сейчас сокращаю
1566.990	1568.670	все костыли, где только могу, чтобы
1568.670	1569.930	не было никаких проблем.
1570.930	1573.010	Вот, поэтому мне, конечно,
1573.570	1574.730	хочется вас поддержать,
1574.870	1576.890	хочется всю
1576.890	1578.310	текстуру попробовать сделать,
1578.490	1580.770	если ты ей пользовалась, и ты уже,
1580.830	1582.190	как бы, ну, сама довольна
1582.190	1583.810	мне, насколько я слышу.
1583.930	1585.150	Да-да, да, все уже, все,
1585.210	1586.910	мое ментальное состояние держится,
1587.090	1589.250	только на ней. Ну, типа, в общем-то...
1589.250	1590.650	Подожди, а ты, получается, что
1590.650	1592.330	платишь за свой...
1592.330	1594.530	Ну, токены, да-да-да.
1594.990	1596.350	Сейчас за свой счет. Ну,
1596.790	1598.710	мне же подняли зарплату, чтобы я занималась
1598.710	1601.110	оптимизацией. Я такая, пф, токены.
1601.850	1602.850	Вот, но...
1602.850	1604.510	Куда инвестировать деньги?
1604.790	1606.440	А сколько ты
1606.440	1608.920	вылетаешь за пределы лимитов?
1609.180	1611.100	Ну, нет, я все-таки, ну,
1611.460	1612.900	кушаю там, типа,
1612.980	1614.460	плачу за свет.
1615.020	1616.200	На каком тарифе это?
1617.440	1619.600	На каком тарифе? Там нет тарифов, там просто
1619.600	1621.700	ты грузишь, ну, типа, подгружаешь
1621.700	1623.400	количество долларов, ну, типа,
1623.480	1625.620	которые будут тратиться на токены, и все, там нет
1625.620	1627.520	тарифов. То есть, тарифным планом Антропика это
1627.520	1629.500	никак не подключено? Не-не-не, тарифный план
1629.500	1631.720	Антропика это очень
1631.720	1633.660	плохо, потому что там, ну, типа, у меня есть
1633.660	1634.920	Антропик тоже
1634.920	1637.640	про план, но они очень хитро
1637.640	1639.520	делают, у них, типа, Клод
1639.520	1641.440	делает все круто, ты туда
1641.440	1643.400	загружаешь, типа, какой-то бриф, он
1643.400	1645.600	делает по самым высоким вообще возможным
1645.600	1647.200	костам, он тебе приложение сразу
1647.200	1649.540	сверстает, в общем, все будет красиво, но он потратит тебе
1649.540	1651.700	лимиты токенов на день или лимиты токенов
1651.700	1653.760	там на неделю, и тебе приходится их докупать
1653.760	1655.640	постоянно, поэтому там, типа, они вот
1655.640	1656.960	тоже на этом зарабатывают,
1657.420	1659.540	подсаживают нас на вот эту вот
1659.540	1661.840	удочку классного контента, генерируемого,
1661.940	1664.020	но... Там надо стоять с ограничением,
1664.140	1665.320	отключать всякие функции.
1665.320	1667.520	Да-да-да, потому что...
1667.520	1669.460	Потому что там,
1669.600	1671.440	как бы, он делает прям, ну,
1671.440	1673.540	типа, тебе сразу делают статью
1673.540	1674.920	с версткой, но
1674.920	1677.180	у тебя, ну, классно, спасибо, конечно,
1677.200	1678.980	конечно, но...
1678.980	1680.180	Но, как бы, и в пересчете
1680.180	1683.980	человек, представивший, будет это делать
1683.980	1685.760	дешевле, даже используя
1685.760	1687.400	на 30% лимит.
1687.660	1689.060	Да-да, и тут, как бы,
1690.750	1692.670	вот эта оптимизация по токенам,
1692.710	1693.730	она тоже, типа,
1695.500	1697.320	требует, как бы, времени и понимания,
1697.360	1699.260	и вообще понимания, как устроен, ну, типа,
1699.500	1701.360	там же разные модели могут подключаться
1701.360	1703.540	к разным частям
1703.540	1705.160	задачи и там тратить,
1705.220	1707.080	ну, там, какой-нибудь Gemini, он тратит меньше
1707.080	1708.900	токенов, но делает там что-то
1708.900	1710.240	связанное с простыми
1710.240	1712.660	этапами, типа, подсчета символов.
1712.980	1714.760	Он их делает так же хорошо, как и Клод,
1714.800	1716.740	и нам не надо, типа, Клод 4.7
1716.740	1718.560	использовать для того, и Опус 4.7
1718.560	1720.700	для того, чтобы, ну, типа, посчитать символы.
1721.100	1722.760	Тоже, как бы, тут всякие такие...
1722.760	1724.920	А он автоматически рассчитывает, какой модель
1724.920	1726.340	для каких задач брать?
1730.330	1732.210	Я точно не знаю, нет, по-моему...
1732.210	1733.890	Наверное, он автоматически берет,
1733.990	1736.130	как бы, ну, основ... Ну, типа, он берет
1736.130	1737.730	Опус, ну, вот, короче,
1738.070	1739.890	там, как бы, в самой системе, вот,
1740.230	1741.970	типа, в которой ты делаешь, пишешь,
1742.070	1744.110	текст, то есть, уже, как бы, на фронте,
1744.470	1745.990	ты можешь выбрать
1745.990	1748.030	себе, там, что я хочу,
1748.270	1749.810	чтобы вся статья, там, или весь
1749.810	1751.950	баннер, все баннеры генерировались, там, 4.6,
1752.010	1753.650	4.7 и так далее. Но именно
1753.650	1755.690	с, ну, как бы, на бэке,
1755.810	1757.770	как это, это может быть настроено, в общем,
1757.910	1758.930	как-то более тонко.
1759.910	1762.010	Так вот, блин, а в том-то и дело,
1762.130	1763.710	что я, например, пользуюсь... Ну, ладно,
1763.770	1766.130	я не пользуюсь для такой масштабной прям работы,
1766.350	1767.950	но я пользовалась
1767.950	1769.410	AI
1769.410	1772.030	средними, короче,
1772.070	1772.910	тоже каким-то,
1773.130	1775.950	какой-то мультиагентной системой,
1775.990	1778.130	да, ты заходишь, сейчас их много,
1778.130	1779.930	мне кажется. Ну, сейчас, да, сейчас каждый
1779.930	1780.930	днем уже будет больше.
1782.290	1784.310	Вот, ты заходишь и можешь
1784.310	1785.830	выбрать
1785.830	1787.770	любой,
1787.950	1789.990	любого, любую
1789.990	1792.030	ишку, которая тебе нужна в зависимости от твоих
1792.030	1794.370	задач, будь то, я не знаю,
1794.510	1796.090	чат-джи-пити всех
1796.090	1797.270	версий, которые там,
1797.530	1800.420	самый последний, безусловно, с ограниченными
1800.420	1803.760	запросами, вот, до,
1803.860	1804.820	я не знаю, там,
1807.330	1808.750	ну, наверное, бананов тогда не было,
1808.830	1810.890	ну, в общем... Ну, китайские какие-нибудь, наверное, там,
1810.990	1812.030	всякие. Борни, да,
1812.690	1814.490	все, что связано с ухажением.
1815.690	1816.090	Соответственно,
1816.850	1818.570	я платила за это 2 тысячи
1818.570	1821.090	рублей в месяц, вот.
1821.470	1823.210	Понятно, что я не делала,
1823.310	1825.130	не генерировала 200 тысяч
1825.130	1826.970	статей, вот, поэтому
1826.970	1829.110	как бы, ну, понятно, что у меня там были
1829.110	1831.070	лимиты, но лимиты были в день,
1831.150	1832.870	она тут стоит по количеству знаков.
1832.870	1834.950	Вот, короче, надо как-то перевести в то, чтобы,
1835.170	1837.140	так сказать, что, ну,
1837.240	1838.960	вот это вот, на это,
1839.040	1841.060	вот это, на это, поддержку
1841.060	1843.220	этого агента, который
1843.220	1845.080	уже постемизирован на 20, который
1845.080	1846.700	уже, как бы, делал, да, как надо,
1847.540	1849.220	потому что у нас же, у Санитки
1849.220	1851.140	есть, да, сайентисты, и
1851.140	1852.300	по сути, как бы,
1853.120	1853.640	парировать
1853.640	1856.440	можно тем, что,
1857.140	1858.940	ну, как мы сами напишем.
1859.600	1861.120	Ну, классно, если вы мне
1861.120	1863.180	выделите, типа, спеца, с которым я буду
1863.180	1864.820	вот вместе работать,
1865.360	1867.140	параллельно основной работе, тут же еще, как бы,
1867.180	1869.140	понятно, что у дата-сайентистов есть свой загруз,
1869.240	1871.220	вряд ли они придут, типа, к контенту,
1871.220	1872.940	и такие, давайте мы вам поможем, ребята,
1873.440	1874.900	кажется, у вас тут...
1874.900	1876.960	Нет, мы так делаем, мы, как бы, при всей душе
1876.960	1878.560	решили вам помочь. Ну, да.
1879.480	1880.260	Что вам сделать?
1882.100	1884.180	Ну, собственно говоря, я все услышала,
1884.260	1886.300	все поняла, давай доработаем
1886.300	1887.460	чуть-чуть презентацию,
1887.720	1890.830	поймем, и тоже с точки зрения
1890.830	1893.100	других моментов, у вас
1893.100	1895.120	ИП или, там, что?
1895.400	1896.320	ИП, ИП.
1897.280	1897.580	У вас?
1897.600	1901.170	Просто с такими бюджетами
1901.170	1904.690	ИП просто, ну, это надо будет...
1904.690	1910.710	Я не знаю, что сделать, чтобы...
1910.710	1912.790	Ну, давай, как бы, подвесим
1912.790	1913.490	этот вопрос.
1915.630	1917.010	И мы по бюджету
1917.010	1919.150	я тебе, как бы, пришлю, там, разбивку,
1919.230	1921.050	подумаем, как оптимизироваться, потому что
1921.050	1922.810	все равно, ну, хочется потестить,
1922.910	1924.990	хотя бы, вот, в каком-то формате, кажется,
1925.110	1925.590	что это будет...
1925.590	1928.890	А после теста уже, может быть, будет
1928.890	1930.590	как-то больше понимания вообще
1930.590	1932.190	надо, нам это не надо, и
1932.190	1933.310	как, куда дальше.
1934.410	1935.370	В общем, так.
1937.320	1938.560	Еще, знаешь, Арина,
1939.720	1941.140	будет здорово, если добавите
1941.140	1944.430	возможность
1944.430	1947.720	модерации
1947.720	1948.240	отзывов.
1948.240	1950.060	У нас есть председательная политика,
1950.260	1952.830	мы отклоняем
1952.830	1958.020	и откроем все это вручную,
1958.180	1959.640	и есть ли техническая возможность
1959.640	1962.220	делать это не руками?
1962.380	1964.040	Ну, техническая-то возможность есть,
1964.260	1965.240	но при этом...
1965.240	1966.960	Быть уверенным, что действительно,
1967.120	1970.440	с учетом, как бы, семантической сложности
1970.440	1972.040	самих отзывов, то, что там пишут
1972.040	1974.180	с ошибками, странные
1974.180	1976.140	несловарные слова какие-то,
1976.200	1977.640	что он будет корректно их
1977.640	1979.440	принимать или отклонить.
1979.680	1981.760	Это, ну, это, да,
1982.040	1984.460	мы уже, ну, мы, типа,
1984.600	1986.280	тестировали, делали, но тут вопрос,
1986.380	1989.000	опять же, про безопасность
1989.000	1990.340	данных, про их хранение, ну, вот,
1990.380	1992.380	типа, отзывы, как мы будем,
1993.620	1994.800	куда будет обращаться
1994.800	1996.920	нейронка, ну, вот, короче,
1996.920	1997.580	вот, у меня больше,
1997.660	1998.900	вот, этот вопрос, мне кажется,
1998.900	2000.460	надо поисследовать, потому что, в целом, да,
2001.080	2003.380	поскольку, ну, вот,
2003.440	2005.680	я делала аналитику отзывов,
2005.800	2007.080	вот, пока ты был в отпуске,
2007.580	2010.000	в том числе и по семантике их,
2010.480	2011.660	я там добавляла, типа,
2012.280	2014.320	поля, типа, что людям важно,
2014.500	2015.240	что не важно
2015.240	2017.660	при покупке, вот,
2017.700	2020.260	он достаточно, ну, я перепросматривала,
2020.360	2021.840	понятно, все, и
2021.840	2023.520	достаточно все было, как бы,
2023.920	2026.720	мне кажется, good, вот.
2026.720	2028.520	Ну, это я делаю через Вайскод.
2031.630	2033.290	В общем, нужно понять,
2033.470	2035.450	где мы можем использовать это
2035.450	2037.950	с точки зрения, вообще, всех аспектов,
2038.070	2039.590	особенно юридических, потому что
2039.590	2041.670	мы, ну, мы не можем передавать,
2041.810	2044.030	то есть, мы с определенными политиками
2044.030	2045.410	защищены,
2045.900	2047.300	должны защищать, как бы,
2047.400	2049.720	официальные данные своим клиентам,
2050.060	2052.220	понять, относятся ли отзывы к этим данным,
2052.280	2053.980	ну, и тут много таких моментов,
2054.020	2056.040	которые нужно, как бы,
2057.400	2057.840	решить.
2057.840	2062.470	Ну, юридическими зазубринами.
2062.650	2063.840	Да, верно.
2063.840	2065.560	То есть, использование VPN, например.
2070.170	2070.650	А напрямую?
2071.070	2080.770	Ну, начиная с малого,
2081.550	2083.810	возможно, там,
2084.350	2086.300	минимум, средний, как бы,
2089.410	2091.610	функционал для использования,
2091.730	2092.970	да, и, как бы,
2093.310	2096.060	максимум, да, у вас там и отзывы,
2096.280	2098.100	и SEO-статьи,
2098.340	2100.660	и акционные штуки,
2100.740	2107.290	да, вступилы.
2107.510	2111.890	Тут, опять же, еще зависит, как бы, от фокусов,
2112.010	2113.550	что нам...
2113.550	2115.190	Фокус трафика, трафик
2115.190	2117.190	в SEO, SEO падает,
2117.930	2119.410	SEO надо принимать,
2119.710	2121.330	вот, и, безусловно, как бы,
2121.390	2123.390	еще нужны, там, всякие
2123.390	2125.330	тесты, еще нужно
2125.330	2127.350	добавлять коммерческий составляющий.
2128.030	2129.650	Нам нужно хакнуть, вообще,
2129.830	2131.730	падающий рынок.
2132.370	2135.860	Падает во всем алкоголе,
2136.580	2137.820	но, все-таки, в премиальном
2137.820	2139.260	вине он падает чуть меньше.
2140.030	2141.830	Мы падаем очень сильно, и вот это,
2141.910	2143.230	вот, как бы, ну, такое себе.
2146.390	2149.510	Сейчас нужно взять возможность для роста
2149.510	2151.130	и использовать, вообще,
2151.210	2155.190	все, что только можно.
2155.330	2157.550	Окей, я тогда вернусь
2157.550	2159.450	с доработками,
2160.030	2160.250	вот,
2160.510	2163.450	закину тебе и Диме,
2163.510	2164.530	тебе, наверное, тоже закину,
2164.850	2166.890	чтобы тоже все были
2166.890	2169.010	в контексте, вот.
2169.310	2171.390	И тогда дальше уже посмотрим.
2173.110	2174.310	Договорились. Давайте только
2174.310	2176.690	постараемся в ближайшее время
2176.690	2178.490	все это посмотреть, потому что
2178.490	2181.990	если только делать бы, быстрее попробуем.
2182.940	2184.640	Ну, да, ну, единственное, что я
2184.640	2187.260	до седьмого работаю, потом я в отпуске
2187.260	2188.560	до семнадцатого, вот.
2188.620	2191.140	Но я, как бы, точно успею до своего отпуска,
2191.580	2193.000	ну, даже быстрее,
2193.120	2194.380	короче, все, по презе доделаю.
2194.540	2196.640	Хорошо, хорошо.
2197.420	2198.520	Супер, спасибо вам.
2199.460	2200.920	Угу, спасибо тебе.
2201.080	2201.720	Спасибо, Алина.
2202.040	2204.380	Все, хорошего дня всем. Пока-пока.